{"cameraMode":{"drawMode":0,"name":"Shaded","section":"Shading Mode"},"sceneLighting":true,"audioPlay":false,"sceneViewState":{"m_AlwaysRefresh":false,"showFog":true,"showSkybox":false,"showFlares":true,"showImageEffects":true,"showParticleSystems":true,"showVisualEffectGraphs":true,"m_FxEnabled":true},"in2DMode":false,"pivot":{"x":-4.805307388305664,"y":2.2308082580566408,"z":-3.4501829147338869},"rotation":{"x":0.2555149793624878,"y":-0.040306370705366138,"z":0.010662337765097618,"w":0.9659066796302795},"size":12.12435531616211,"orthographic":false}