{"cameraMode":{"drawMode":0,"name":"Shaded","section":"Shading Mode"},"sceneLighting":false,"audioPlay":false,"sceneViewState":{"m_AlwaysRefresh":false,"showFog":true,"showSkybox":false,"showFlares":true,"showImageEffects":true,"showParticleSystems":true,"showVisualEffectGraphs":true,"m_FxEnabled":true},"in2DMode":false,"pivot":{"x":-0.017995350062847139,"y":-0.05071656405925751,"z":0.00015965662896633148},"rotation":{"x":0.2555149793624878,"y":-0.040306370705366138,"z":0.010662337765097618,"w":0.9659066796302795},"size":0.14427407085895539,"orthographic":false}